old_name,new_name
0A8371E2-B53F-4F0D-AB0B-277A07978F37.jpeg,roof_photo_001.jpeg
0E73FD26-5E24-4570-ACC0-149C2A748B1F.jpeg,roof_photo_002.jpeg
13B825F2-3FEA-4A3F-9FDA-6885B2ACE3A3.jpeg,roof_photo_003.jpeg
152A035B-5D82-4150-B9A1-374E92F94700.jpeg,roof_photo_004.jpeg
19399696-5697-46A9-8AEA-4A7B6C50F96D.jpeg,roof_photo_005.jpeg
1AF56F86-0F84-43B8-8DAA-F6E8415EAC72_4_5005_c.jpeg,roof_photo_006.jpeg
1C6A3109-5478-4826-A48C-8259B85A705E.jpeg,roof_photo_007.jpeg
214EAAB0-386D-4550-BB5C-17E79804F997.jpeg,roof_photo_008.jpeg
262E805A-71D2-4B6E-BE09-EC0315516C35.jpeg,roof_photo_009.jpeg
322BD232-1E42-49D4-9C6D-9767097B86C7.jpeg,roof_photo_010.jpeg
325BD7A4-09D6-487D-9436-4638E09C9CD5.jpeg,roof_photo_011.jpeg
34E28084-5B52-4B12-B0E0-7452C512A9AB.jpeg,roof_photo_012.jpeg
352C4BFE-7999-4963-91DB-EC1C47BD7293.jpeg,roof_photo_013.jpeg
3643A487-F340-43F4-8300-5667717CB235.jpeg,roof_photo_014.jpeg
392F04C9-969D-4297-A34A-6EC0AB99A002.jpeg,roof_photo_015.jpeg
3A33D623-00AA-47E3-9E3A-A8B8D47AFB35.jpeg,roof_photo_016.jpeg
3ECC13BF-EAA6-4419-BF10-E2BA4DE17B82.jpeg,roof_photo_017.jpeg
40BF3451-315F-4DAA-B543-C089E83DB4D0.jpeg,roof_photo_018.jpeg
473E1379-2E35-4A07-B47F-F2325794E315.jpeg,roof_photo_019.jpeg
4807FF1B-6A9A-4AC0-9A17-AE413D2088BC.jpeg,roof_photo_020.jpeg
4F461B2B-89D9-4B3A-8B24-3C9AA14C3E76.jpeg,roof_photo_021.jpeg
4FC47E21-0E83-43C9-B816-22EDC90424B7.jpeg,roof_photo_022.jpeg
5275AB54-C756-44A5-84CC-9B656EFF4483.jpeg,roof_photo_023.jpeg
5A53BDB3-A860-4FB4-A00C-77E5CEBDC13A.jpeg,roof_photo_024.jpeg
5C3B9585-BFCB-4735-B025-E585B1095A8D.jpeg,roof_photo_025.jpeg
5C5B703C-A377-4574-942F-133286CB1381.jpeg,roof_photo_026.jpeg
5EDE6176-C608-441D-88CC-0CA91DDE6E05.jpeg,roof_photo_027.jpeg
68DD75A2-F2A6-4ED9-BC57-7F427B636BE5.jpeg,roof_photo_028.jpeg
6A9B6AE2-5FC5-4576-989E-D9E884273167.jpeg,roof_photo_029.jpeg
6E980A65-0CCE-4B30-ADAB-154DA7B8FBF5.jpeg,roof_photo_030.jpeg
72490D72-0DB6-41D7-9762-50F82EDFCDF7.jpeg,roof_photo_031.jpeg
72702E5D-0435-42AE-9867-44C1130771C2.jpeg,roof_photo_032.jpeg
740CE860-E491-4325-887D-3E943095C02A.jpeg,roof_photo_033.jpeg
80842857-E49A-453C-959C-A4E286C83745.jpeg,roof_photo_034.jpeg
80DE62A1-B9FB-4296-A71B-45F3250BD06D.jpeg,roof_photo_035.jpeg
80E44AA6-2049-4A79-95B0-4F3E1D0FE4B1.jpeg,roof_photo_036.jpeg
84F16240-1511-4020-9DD6-76B687ACC7E7.jpeg,roof_photo_037.jpeg
85994597-AD3B-443B-A25D-E3E99E9B2DE6.jpeg,roof_photo_038.jpeg
86179295-5292-429F-B823-DF92C239BFC2.jpeg,roof_photo_039.jpeg
898C66F7-AF20-43E8-9C59-0E7F2A45397D.jpeg,roof_photo_040.jpeg
8CC56CE9-5087-46FB-ACD9-FF5E7B96FC2B.jpeg,roof_photo_041.jpeg
904533B8-32DA-4F0B-BA43-B55E4BCBE369.jpeg,roof_photo_042.jpeg
937FBF80-3D5E-49A9-AC07-A3A52CB4F72D.jpeg,roof_photo_043.jpeg
94BC3C94-1571-4288-AF9D-2F19D9E1EBF0.jpeg,roof_photo_044.jpeg
98D6FA70-3A64-40FC-991B-1BFC9A5EB077.jpeg,roof_photo_045.jpeg
9910F6D4-F259-40D6-83F9-1AFF1325B26B.jpeg,roof_photo_046.jpeg
99B57893-E4DB-47DA-B5D5-E29F9F3221A5.jpeg,roof_photo_047.jpeg
9A416A72-BE8A-41B9-B428-DBC5EE23A710.jpeg,roof_photo_048.jpeg
9DB0F0F8-D252-4E19-9A6D-2C87BA448893.jpeg,roof_photo_049.jpeg
9E8F4241-E606-4C98-B078-1BBAFFA7CEED.jpeg,roof_photo_050.jpeg
A622665B-AACB-48C0-831C-C3F1791AE068.jpeg,roof_photo_051.jpeg
AB0358BB-348A-4EDC-9DC7-B966D32B12C6.jpeg,roof_photo_052.jpeg
AD0247B2-19DE-4AF3-870D-C9A275F90957.jpeg,roof_photo_053.jpeg
AD0AB69C-8517-444A-A7A9-642ED6F4882D.jpeg,roof_photo_054.jpeg
B0218101-CEC8-477E-A2FE-813E33C5CDCE.jpeg,roof_photo_055.jpeg
B0BCC46F-968F-4345-BABF-BDD3FAA9B5CB.jpeg,roof_photo_056.jpeg
B575951C-6001-4D3F-B1BC-972B58C213DE.jpeg,roof_photo_057.jpeg
B5D31047-14F1-4979-8A92-CFDF287EE208.jpeg,roof_photo_058.jpeg
BA66F706-A81F-4BD2-9410-877E412D7F3A.jpeg,roof_photo_059.jpeg
BF6B6684-DA87-4C5F-A378-C0FA057B939F.jpeg,roof_photo_060.jpeg
C2C6434C-B9A1-4E72-87CB-31167C59ABFE.jpeg,roof_photo_061.jpeg
C3E92DC7-49B4-48CF-81BC-92473B28A032.jpeg,roof_photo_062.jpeg
C4EBC831-BB2F-413D-8434-4DC793066D8E.jpeg,roof_photo_063.jpeg
C95AF368-DD50-4E55-9826-D9E4E017FFC1.jpeg,roof_photo_064.jpeg
D28705D6-83CE-486F-B1E2-9AF32381F006.jpeg,roof_photo_065.jpeg
D5DDDFE9-AC76-4C50-ADEA-2B85F6E8B565.jpeg,roof_photo_066.jpeg
D9C2B97F-F662-4250-B547-BFF1D2BD7023.jpeg,roof_photo_067.jpeg
DA3E8FE3-86B0-4238-A1E7-364FA7822639.jpeg,roof_photo_068.jpeg
DA6619A1-3056-47E2-99BD-762529640F89.jpeg,roof_photo_069.jpeg
E19FC192-7F9E-48C3-BBFE-6831F3BB13F6.jpeg,roof_photo_070.jpeg
E3340E48-BB7A-4A7E-887C-DF5582DCD341.jpeg,roof_photo_071.jpeg
F170C1D1-7B57-4192-9FB9-797F7149A7FF.jpeg,roof_photo_072.jpeg
F381D2D6-61EC-43ED-A28B-26CC35752C02.jpeg,roof_photo_073.jpeg
F3F2BDFD-55C2-41BC-8833-1E48CB16C9ED.jpeg,roof_photo_074.jpeg
F644EC96-53DA-4468-A9BF-48354DCD835C.jpeg,roof_photo_075.jpeg
